name,url
1 FC Magdeburg,
Aberdeen,
AEK Athens,
AEK Larnaca,
Ajax,
Albacete,
Almeria,
Angers,
Annecy,
Arezzo,
Arminia Bielefeld,
Arsenal,
AS Monaco,
AS Saint Etienne,
Ascoli,
Aston Villa,
Atalanta,
Athletic Club,
Atletico Madrid,
Augsburg,
Auxerre,
AZ Alkmaar,
Barcelona,
Basel,
Bayer Leverkusen,
Bayern Munchen,
Benevento,
Benfica,
Birmingham,
Blackburn Rovers,
Bodo Glimt,
Bologna,
Bolton,
Borussia Dortmund,
Borussia Monchengladbach,
Boulogne,
Bournemouth,
Brann,
Breidablik,
Brentford,
Brest,
Brighton,
Bristol City,
Burgos,
Burnley,
Cadiz,
Cagliari,
Cardiff City,
Carrarese,
Castellon,
Catanzaro,
Celje,
Celta,
Celtic,
Cesena,
Ceuta,
Charlton,
Chelsea,
Clermont Foot,
Club Brugge,
Como 1907,
Copenhagen,
Cordoba,
Coventry City,
Cremonese,
Crvena Zvezda,
Crystal Palace,
Darmstadt,
Deportivo,
Deportivo La Coruna,
Derby County,
Dijon,
Dinamo Zagreb,
Drita,
Dunkerque,
Dynamo Dresden,
Dynamo Kyiv,
Eibar,
Eintracht Braunschweig,
Eintracht Frankfurt,
Elche,
Eldense,
Empoli,
Energie Cottbus,
Espanyol,
Everton,
FC Andorra,
FC Heidenheim,
FC Kaiserslautern,
FC Metz,
FC Nurnberg,
FC Porto,
FC Utrecht,
FCSB,
Fenerbahce,
Ferencvaros,
Feyenoord,
Fiorentina,
Freiburg,
Frosinone,
Fulham,
Galatasaray,
Genk,
Genoa,
Getafe,
Girona,
Go Ahead Eagles,
Granada,
Grenoble Foot 38,
Guingamp,
Hacken,
Hamburger SV,
Hamrun Spartans,
Hannover 96,
Hertha BSC,
Hoffenheim,
Holstein Kiel,
Hull City,
Inter,
Ipswich,
Jagiellonia,
Juve Stabia,
Juventus,
Kairat,
Karlsruher,
Koln,
KuPS,
Las Palmas,
Lausanne Sport,
Lazio,
Le Havre AC,
Le Mans,
Lecce,
Lech Poznan,
Leeds United,
Leganes,
Legia Warszawa,
Levante,
Lille,
Lincoln City,
Lincoln Red Imps,
Liverpool,
Lorient,
Ludogorets,
Lyon,
Maccabi Tel Aviv,
Mainz 05,
Malaga,
Mallorca,
Malmo,
Manchester City,
Manchester United,
Mantova 1911,
Marseille,
Middlesbrough,
Midtjylland,
AC Milan,
Millwall,
Modena,
Montpellier,
Monza,
Nancy,
Nantes,
Napoli,
Newcastle,
Nice,
Noah,
Norwich City,
Nottingham Forest,
Olomouc,
Olympiacos,
Omonoia,
Osasuna,
Osnabruck,
Oviedo,
Paderborn,
Padova,
Pafos,
Palermo,
Panathinaikos,
PAOK,
Paris FC,
Paris Saint Germain,
Parma,
Pau,
Pisa,
Portsmouth,
Preston North End,
PSV,
Qarabag,
Queens Park Rangers,
Racing,
Rakow,
Rangers,
Rapid Vienna,
Rayo Vallecano,
RB Leipzig,
RC Lens,
RC Strasbourg Alsace,
Real Betis,
Real Madrid,
Real Sociedad,
Red Star FC,
Rennes,
Rijeka,
Rodez AF,
Roma,
S Bratislava,
Sabadell,
Salzburg,
Sampdoria,
Samsunspor,
Sassuolo,
SC Braga,
Schalke 04,
Sevilla,
Shakhtar,
Shamrock Rovers,
Sheffield United,
Shelbourne,
Shkendija,
Slavia Praha,
Sochaux,
Southampton,
Sparta Praha,
Sporting CP,
Sporting Gijon,
SpVgg Greuther Furth,
St Pauli,
Stade De Reims,
Stade Lavallois,
Stoke City,
Sturm Graz,
Suditrol,
Sunderland,
SV Elversberg,
Swansea City,
Tenerife,
Torino,
Tottenham,
Toulouse,
Troyes,
U Craiova,
Udinese,
Union Berlin,
Union Saint Gilloise,
US Avellino 1912,
Valencia,
Valladolid,
Venezia,
Verona,
VfB Stuttgart,
VfL Bochum,
Vicenza,
Viktoria Plzen,
Villarreal,
Virtus Entella,
Watford,
Werder Bremen,
West Bromwich Albion,
West Ham,
Wolfsburg,
Wolves,
Wrexham,
Young Boys,
Zrinjski,
