team,name,display-name,image-url,role
Galatasaray,Uğurcan Çakır,Çakır,https://img.uefa.com/imgml/TP/players/1/2026/324x324/250078452.jpg,goalkeeper
Galatasaray,Batuhan Şen,Şen,https://img.uefa.com/imgml/TP/players/1/2026/324x324/250087827.jpg,goalkeeper
Galatasaray,Günay Güvenç,Güvenç,https://img.uefa.com/imgml/TP/players/1/2026/324x324/250073722.jpg,goalkeeper
Galatasaray,Enes Büyük,Büyük,https://img.uefa.com/imgml/TP/players/1/2026/324x324/250177185.jpg,goalkeeper
Galatasaray,Ismail Jakobs,Jakobs,https://img.uefa.com/imgml/TP/players/1/2026/324x324/250117015.jpg,outfield
Galatasaray,Davinson Sánchez,Sánchez,https://img.uefa.com/imgml/TP/players/1/2026/324x324/250099374.jpg,outfield
Galatasaray,Eren Elmalı,Elmalı,https://img.uefa.com/imgml/TP/players/1/2026/324x324/250163343.jpg,outfield
Galatasaray,Kaan Ayhan,Ayhan,https://img.uefa.com/imgml/TP/players/1/2026/324x324/250023940.jpg,outfield
Galatasaray,Abdülkerim Bardakcı,Bardakcı,https://img.uefa.com/imgml/TP/players/1/2026/324x324/250043129.jpg,outfield
Galatasaray,Yusuf Kahraman,Kahraman,https://img.uefa.com/imgml/TP/players/1/2026/324x324/250206683.jpg,outfield
Galatasaray,Cihan Akgün,Akgün,https://img.uefa.com/imgml/TP/players/1/2026/324x324/250212907.jpg,outfield
Galatasaray,Wilfried Singo,Singo,https://img.uefa.com/imgml/TP/players/1/2026/324x324/250132323.jpg,outfield
Galatasaray,Sacha Boey,Boey,https://img.uefa.com/imgml/TP/players/1/2026/324x324/250136348.jpg,outfield
Galatasaray,Gabriel Sara,Sara,https://img.uefa.com/imgml/TP/players/1/2026/324x324/250199220.jpg,outfield
Galatasaray,Leroy Sané,Sané,https://img.uefa.com/imgml/TP/players/1/2026/324x324/250063984.jpg,outfield
Galatasaray,İlkay Gündoğan,Gündoğan,https://img.uefa.com/imgml/TP/players/1/2026/324x324/250005335.jpg,outfield
Galatasaray,Ahmed Kutucu,Kutucu,https://img.uefa.com/imgml/TP/players/1/2026/324x324/250121000.jpg,outfield
Galatasaray,Yáser Asprilla,Asprilla,https://img.uefa.com/imgml/TP/players/1/2026/324x324/250185976.jpg,outfield
Galatasaray,Gökdeniz Gürpüz,Gürpüz,https://img.uefa.com/imgml/TP/players/1/2026/324x324/250170129.jpg,outfield
Galatasaray,Lucas Torreira,Torreira,https://img.uefa.com/imgml/TP/players/1/2026/324x324/250118286.jpg,outfield
Galatasaray,Ege Araç,Araç,https://img.uefa.com/imgml/TP/players/1/2026/324x324/250184651.jpg,outfield
Galatasaray,Eyüp Karasu,Karasu,https://img.uefa.com/imgml/TP/players/1/2026/324x324/250212934.jpg,outfield
Galatasaray,Furkan Koçak,Koçak,https://img.uefa.com/imgml/TP/players/1/2026/324x324/250200405.jpg,outfield
Galatasaray,Mario Lemina,Lemina,https://img.uefa.com/imgml/TP/players/1/2026/324x324/250134357.jpg,outfield
Galatasaray,Roland Sallai,Sallai,https://img.uefa.com/imgml/TP/players/1/2026/324x324/250065179.jpg,outfield
Galatasaray,Mauro Icardi,Icardi,https://img.uefa.com/imgml/TP/players/1/2026/324x324/250074434.jpg,outfield
Galatasaray,Yunus Akgün,Akgün,https://img.uefa.com/imgml/TP/players/1/2026/324x324/250103764.jpg,outfield
Galatasaray,Victor Osimhen,Osimhen,https://img.uefa.com/imgml/TP/players/1/2026/324x324/250132987.jpg,outfield
Galatasaray,Barış Alper Yılmaz,Yılmaz,https://img.uefa.com/imgml/TP/players/1/2026/324x324/250158929.jpg,outfield
Galatasaray,Ada Yüzgeç,Yüzgeç,https://img.uefa.com/imgml/TP/players/1/2026/324x324/250207790.jpg,outfield
Galatasaray,Noa Lang,Lang,https://img.uefa.com/imgml/TP/players/1/2026/324x324/250091165.jpg,outfield
Man City,James Trafford,Trafford,https://img.uefa.com/imgml/TP/players/1/2026/324x324/250117515.jpg,goalkeeper
Man City,Marcus Bettinelli,Bettinelli,https://img.uefa.com/imgml/TP/players/1/2026/324x324/250011491.jpg,goalkeeper
Man City,Gianluigi Donnarumma,Donnarumma,https://img.uefa.com/imgml/TP/players/1/2026/324x324/250078922.jpg,goalkeeper
Man City,Rúben Dias,Dias,https://img.uefa.com/imgml/TP/players/1/2026/324x324/250058220.jpg,outfield
Man City,John Stones,Stones,https://img.uefa.com/imgml/TP/players/1/2026/324x324/250064233.jpg,outfield
Man City,Nathan Aké,Aké,https://img.uefa.com/imgml/TP/players/1/2026/324x324/250027008.jpg,outfield
Man City,Marc Guéhi,Guéhi,https://img.uefa.com/imgml/TP/players/1/2026/324x324/250086928.jpg,outfield
Man City,Rayan Aït-Nouri,Aït-Nouri,https://img.uefa.com/imgml/TP/players/1/2026/324x324/250127436.jpg,outfield
Man City,Joško Gvardiol,Gvardiol,https://img.uefa.com/imgml/TP/players/1/2026/324x324/250127284.jpg,outfield
Man City,Abdukodir Khusanov,Khusanov,https://img.uefa.com/imgml/TP/players/1/2026/324x324/250187698.jpg,outfield
Man City,Max Alleyne,Alleyne,https://img.uefa.com/imgml/TP/players/1/2026/324x324/250169566.jpg,outfield
Man City,Rico Lewis,Lewis,https://img.uefa.com/imgml/TP/players/1/2026/324x324/250139207.jpg,outfield
Man City,Tijjani Reijnders,Reijnders,https://img.uefa.com/imgml/TP/players/1/2026/324x324/250121294.jpg,outfield
Man City,Mateo Kovačić,Kovačić,https://img.uefa.com/imgml/TP/players/1/2026/324x324/250023551.jpg,outfield
Man City,Rayan Cherki,Cherki,https://img.uefa.com/imgml/TP/players/1/2026/324x324/250124063.jpg,outfield
Man City,Jeremy Doku,Doku,https://img.uefa.com/imgml/TP/players/1/2026/324x324/250113142.jpg,outfield
Man City,Nico González,Nico,https://img.uefa.com/imgml/TP/players/1/2026/324x324/250123952.jpg,outfield
Man City,Rodri,Rodri,https://img.uefa.com/imgml/TP/players/1/2026/324x324/250082664.jpg,outfield
Man City,Bernardo Silva,Bernardo,https://img.uefa.com/imgml/TP/players/1/2026/324x324/250059115.jpg,outfield
Man City,Savinho,Savinho,https://img.uefa.com/imgml/TP/players/1/2026/324x324/250174822.jpg,outfield
Man City,Matheus Nunes,Nunes,https://img.uefa.com/imgml/TP/players/1/2026/324x324/250145803.jpg,outfield
Man City,Nico O’Reilly,O’Reilly,https://img.uefa.com/imgml/TP/players/1/2026/324x324/250165221.jpg,outfield
Man City,Phil Foden,Foden,https://img.uefa.com/imgml/TP/players/1/2026/324x324/250101534.jpg,outfield
Man City,Omar Marmoush,Marmoush,https://img.uefa.com/imgml/TP/players/1/2026/324x324/250139217.jpg,outfield
Man City,Erling Haaland,Haaland,https://img.uefa.com/imgml/TP/players/1/2026/324x324/250103758.jpg,outfield
Man City,Antoine Semenyo,Semenyo,https://img.uefa.com/imgml/TP/players/1/2026/324x324/250181717.jpg,outfield
Liverpool,Alisson Becker,Alisson,https://img.uefa.com/imgml/TP/players/1/2026/324x324/250099867.jpg,goalkeeper
Liverpool,Giorgi Mamardashvili,Mamardashvili,https://img.uefa.com/imgml/TP/players/1/2026/324x324/250101805.jpg,goalkeeper
Liverpool,Freddie Woodman,Woodman,https://img.uefa.com/imgml/TP/players/1/2026/324x324/250056572.jpg,goalkeeper
Liverpool,Kornel Misciur,Misciur,https://img.uefa.com/imgml/TP/players/1/2026/324x324/250201700.jpg,goalkeeper
Liverpool,Bailey Hall,Hall,https://img.uefa.com/imgml/TP/players/1/2026/324x324/250201696.jpg,goalkeeper
Liverpool,Joe Gomez,Gomez,https://img.uefa.com/imgml/TP/players/1/2026/324x324/250058215.jpg,outfield
Liverpool,Wataru Endo,Endo,https://img.uefa.com/imgml/TP/players/1/2026/324x324/250097935.jpg,outfield
Liverpool,Virgil van Dijk,Dijk,https://img.uefa.com/imgml/TP/players/1/2026/324x324/50327420.jpg,outfield
Liverpool,Ibrahima Konaté,Konaté,https://img.uefa.com/imgml/TP/players/1/2026/324x324/250091013.jpg,outfield
Liverpool,Milos Kerkez,Kerkez,https://img.uefa.com/imgml/TP/players/1/2026/324x324/250163153.jpg,outfield
Liverpool,Conor Bradley,Bradley,https://img.uefa.com/imgml/TP/players/1/2026/324x324/250135607.jpg,outfield
Liverpool,Andy Robertson,Robertson,https://img.uefa.com/imgml/TP/players/1/2026/324x324/250066157.jpg,outfield
Liverpool,Jeremie Frimpong,Frimpong,https://img.uefa.com/imgml/TP/players/1/2026/324x324/250113276.jpg,outfield
Liverpool,Amara Nallo,Nallo,https://img.uefa.com/imgml/TP/players/1/2026/324x324/250200268.jpg,outfield
Liverpool,Wellity Lucky,Lucky,https://img.uefa.com/imgml/TP/players/1/2026/324x324/250165088.jpg,outfield
Liverpool,Florian Wirtz,Wirtz,https://img.uefa.com/imgml/TP/players/1/2026/324x324/250139445.jpg,outfield
Liverpool,Dominik Szoboszlai,Szoboszlai,https://img.uefa.com/imgml/TP/players/1/2026/324x324/250104066.jpg,outfield
Liverpool,Alexis Mac Allister,Mac Allister,https://img.uefa.com/imgml/TP/players/1/2026/324x324/250172672.jpg,outfield
Liverpool,Curtis Jones,Jones,https://img.uefa.com/imgml/TP/players/1/2026/324x324/250106935.jpg,outfield
Liverpool,Ryan Gravenberch,Gravenberch,https://img.uefa.com/imgml/TP/players/1/2026/324x324/250113001.jpg,outfield
Liverpool,Trey Nyoni,Nyoni,https://img.uefa.com/imgml/TP/players/1/2026/324x324/250200248.jpg,outfield
Liverpool,Alexander Isak,Isak,https://img.uefa.com/imgml/TP/players/1/2026/324x324/250089868.jpg,outfield
Liverpool,Mohamed Salah,Salah,https://img.uefa.com/imgml/TP/players/1/2026/324x324/250052469.jpg,outfield
Liverpool,Federico Chiesa,Chiesa,https://img.uefa.com/imgml/TP/players/1/2026/324x324/250090398.jpg,outfield
Liverpool,Cody Gakpo,Gakpo,https://img.uefa.com/imgml/TP/players/1/2026/324x324/250096849.jpg,outfield
Liverpool,Hugo Ekitiké,Ekitiké,https://img.uefa.com/imgml/TP/players/1/2026/324x324/250144643.jpg,outfield
Liverpool,Kieran Morrison,Morrison,https://img.uefa.com/imgml/TP/players/1/2026/324x324/250178246.jpg,outfield
Liverpool,Rio Ngumoha,Ngumoha,https://img.uefa.com/imgml/TP/players/1/2026/324x324/250195782.jpg,outfield
Liverpool,Jayden Danns,Danns,https://img.uefa.com/imgml/TP/players/1/2026/324x324/250165085.jpg,outfield
Barcelona,Joan García,Joan García,https://img.uefa.com/imgml/TP/players/1/2026/324x324/250118131.jpg,goalkeeper
Barcelona,Wojciech Szczęsny,Szczęsny,https://img.uefa.com/imgml/TP/players/1/2026/324x324/108501.jpg,goalkeeper
Barcelona,Diego Kochen,Kochen,https://img.uefa.com/imgml/TP/players/1/2026/324x324/250169576.jpg,goalkeeper
Barcelona,Eder Aller,Aller,https://img.uefa.com/imgml/TP/players/1/2026/324x324/250190381.jpg,goalkeeper
Barcelona,Max Bonfill,Bonfill,https://img.uefa.com/imgml/TP/players/1/2026/324x324/250192606.jpg,goalkeeper
Barcelona,João Cancelo,Cancelo,https://img.uefa.com/imgml/TP/players/1/2026/324x324/250024746.jpg,outfield
Barcelona,Alejandro Balde,Balde,https://img.uefa.com/imgml/TP/players/1/2026/324x324/250135416.jpg,outfield
Barcelona,Ronald Araújo,Araújo,https://img.uefa.com/imgml/TP/players/1/2026/324x324/250134170.jpg,outfield
Barcelona,Pau Cubarsí,Cubarsí,https://img.uefa.com/imgml/TP/players/1/2026/324x324/250176453.jpg,outfield
Barcelona,Andreas  Christensen,Christensen,https://img.uefa.com/imgml/TP/players/1/2026/324x324/250041718.jpg,outfield
Barcelona,Marc Casadó,Casadó,https://img.uefa.com/imgml/TP/players/1/2026/324x324/250129965.jpg,outfield
Barcelona,Gerard Martín,Martín,https://img.uefa.com/imgml/TP/players/1/2026/324x324/250197801.jpg,outfield
Barcelona,Jules Koundé,Koundé,https://img.uefa.com/imgml/TP/players/1/2026/324x324/250096309.jpg,outfield
Barcelona,Eric García,Eric,https://img.uefa.com/imgml/TP/players/1/2026/324x324/250103561.jpg,outfield
Barcelona,Jofre Torrents,Torrents,https://img.uefa.com/imgml/TP/players/1/2026/324x324/250184353.jpg,outfield
Barcelona,Alexis Olmedo,Olmedo,https://img.uefa.com/imgml/TP/players/1/2026/324x324/250171673.jpg,outfield
Barcelona,Landry Farré,Farré,https://img.uefa.com/imgml/TP/players/1/2026/324x324/250191898.jpg,outfield
Barcelona,Alvaro Cortes,Cortes,https://img.uefa.com/imgml/TP/players/1/2026/324x324/250190379.jpg,outfield
Barcelona,Gavi,Gavi,https://img.uefa.com/imgml/TP/players/1/2026/324x324/250139255.jpg,outfield
Barcelona,Pedri,Pedri,https://img.uefa.com/imgml/TP/players/1/2026/324x324/250143693.jpg,outfield
Barcelona,Frenkie de Jong,De Jong,https://img.uefa.com/imgml/TP/players/1/2026/324x324/50327423.jpg,outfield
Barcelona,Marc Bernal,Bernal,https://img.uefa.com/imgml/TP/players/1/2026/324x324/250190383.jpg,outfield
Barcelona,Guille Fernández,Guille,https://img.uefa.com/imgml/TP/players/1/2026/324x324/250190375.jpg,outfield
Barcelona,Dani Rodríguez,Rodríguez,https://img.uefa.com/imgml/TP/players/1/2026/324x324/250172344.jpg,outfield
Barcelona,Xavi Espart,Espart,https://img.uefa.com/imgml/TP/players/1/2026/324x324/250190377.jpg,outfield
Barcelona,Tomas Marques,Marques,https://img.uefa.com/imgml/TP/players/1/2026/324x324/250192617.jpg,outfield
Barcelona,Ferran Torres,Ferran,https://img.uefa.com/imgml/TP/players/1/2026/324x324/250088320.jpg,outfield
Barcelona,Robert Lewandowski,Lewandowski,https://img.uefa.com/imgml/TP/players/1/2026/324x324/250002096.jpg,outfield
Barcelona,Lamine Yamal,Yamal,https://img.uefa.com/imgml/TP/players/1/2026/324x324/250176450.jpg,outfield
Barcelona,Raphinha,Raphinha,https://img.uefa.com/imgml/TP/players/1/2026/324x324/250112880.jpg,outfield
Barcelona,Marcus Rashford,Rashford,https://img.uefa.com/imgml/TP/players/1/2026/324x324/250088246.jpg,outfield
Barcelona,Fermín López,Fermin,https://img.uefa.com/imgml/TP/players/1/2026/324x324/250164780.jpg,outfield
Barcelona,Dani Olmo,Olmo,https://img.uefa.com/imgml/TP/players/1/2026/324x324/250081720.jpg,outfield
Barcelona,Roony Bardghji,Roony,https://img.uefa.com/imgml/TP/players/1/2026/324x324/250165617.jpg,outfield
Barcelona,Toni Fernandez,Toni,https://img.uefa.com/imgml/TP/players/1/2026/324x324/250192269.jpg,outfield
Barcelona,Juan Hernández,Juan,https://img.uefa.com/imgml/TP/players/1/2026/324x324/250184344.jpg,outfield
Real Madrid,Thibaut Courtois,Courtois,https://img.uefa.com/imgml/TP/players/1/2026/324x324/250011668.jpg,goalkeeper
Real Madrid,Andriy Lunin,Lunin,https://img.uefa.com/imgml/TP/players/1/2026/324x324/250089824.jpg,goalkeeper
Real Madrid,Fran González,González,https://img.uefa.com/imgml/TP/players/1/2026/324x324/250176532.jpg,goalkeeper
Real Madrid,Javier Navarro,Navarro,https://img.uefa.com/imgml/TP/players/1/2026/324x324/250201421.jpg,goalkeeper
Real Madrid,Dani Carvajal,Carvajal,https://img.uefa.com/imgml/TP/players/1/2026/324x324/250024448.jpg,outfield
Real Madrid,Éder Militão,Militão,https://img.uefa.com/imgml/TP/players/1/2026/324x324/250121965.jpg,outfield
Real Madrid,David Alaba,Alaba,https://img.uefa.com/imgml/TP/players/1/2026/324x324/1906540.jpg,outfield
Real Madrid,Trent Alexander-Arnold,Trent,https://img.uefa.com/imgml/TP/players/1/2026/324x324/250076357.jpg,outfield
Real Madrid,Raúl Asencio,Asencio,https://img.uefa.com/imgml/TP/players/1/2026/324x324/250153617.jpg,outfield
Real Madrid,Álvaro Carreras,Carreras,https://img.uefa.com/imgml/TP/players/1/2026/324x324/250153945.jpg,outfield
Real Madrid,Fran García,Fran García,https://img.uefa.com/imgml/TP/players/1/2026/324x324/250091175.jpg,outfield
Real Madrid,Antonio Rüdiger,Rüdiger,https://img.uefa.com/imgml/TP/players/1/2026/324x324/250028211.jpg,outfield
Real Madrid,Ferland Mendy,Mendy,https://img.uefa.com/imgml/TP/players/1/2026/324x324/250112803.jpg,outfield
Real Madrid,Dean Huijsen,Huijsen,https://img.uefa.com/imgml/TP/players/1/2026/324x324/250194474.jpg,outfield
Real Madrid,Diego Aguado,Aguado,https://img.uefa.com/imgml/TP/players/1/2026/324x324/250193232.jpg,outfield
Real Madrid,Jesus Fortea,Fortea,https://img.uefa.com/imgml/TP/players/1/2026/324x324/250179703.jpg,outfield
Real Madrid,David Jiménez,Jiménez,https://img.uefa.com/imgml/TP/players/1/2026/324x324/250164220.jpg,outfield
Real Madrid,Joan Martínez,Martínez,https://img.uefa.com/imgml/TP/players/1/2026/324x324/250191276.jpg,outfield
Real Madrid,Victor Valdepeñas,Valdepeñas,https://img.uefa.com/imgml/TP/players/1/2026/324x324/250201436.jpg,outfield
Real Madrid,Mario Rivas,Rivas,https://img.uefa.com/imgml/TP/players/1/2026/324x324/250193666.jpg,outfield
Real Madrid,Jude Bellingham,Bellingham,https://img.uefa.com/imgml/TP/players/1/2026/324x324/250128377.jpg,outfield
Real Madrid,Eduardo Camavinga,Camavinga,https://img.uefa.com/imgml/TP/players/1/2026/324x324/250128270.jpg,outfield
Real Madrid,Federico Valverde,Valverde,https://img.uefa.com/imgml/TP/players/1/2026/324x324/250101284.jpg,outfield
Real Madrid,Aurélien Tchouaméni,Tchouaméni,https://img.uefa.com/imgml/TP/players/1/2026/324x324/250105244.jpg,outfield
Real Madrid,Arda Güler,Güler,https://img.uefa.com/imgml/TP/players/1/2026/324x324/250161881.jpg,outfield
Real Madrid,Dani Ceballos,Ceballos,https://img.uefa.com/imgml/TP/players/1/2026/324x324/250086709.jpg,outfield
Real Madrid,Jorge Cestero,Cestero,https://img.uefa.com/imgml/TP/players/1/2026/324x324/250189623.jpg,outfield
Real Madrid,Pol Fortuny,Fortuny,https://img.uefa.com/imgml/TP/players/1/2026/324x324/250172342.jpg,outfield
Real Madrid,Manuel Ángel,Ángel,https://img.uefa.com/imgml/TP/players/1/2026/324x324/250139253.jpg,outfield
Real Madrid,César Palacios,Palacios,https://img.uefa.com/imgml/TP/players/1/2026/324x324/250169885.jpg,outfield
Real Madrid,Cristian Perea,Perea,https://img.uefa.com/imgml/TP/players/1/2026/324x324/250176529.jpg,outfield
Real Madrid,Hugo de Llanos,Llanos,https://img.uefa.com/imgml/TP/players/1/2026/324x324/250176534.jpg,outfield
Real Madrid,Thiago Pitarch,Thiago,https://img.uefa.com/imgml/TP/players/1/2026/324x324/250205688.jpg,outfield
Real Madrid,Daniel Meso,Meso,https://img.uefa.com/imgml/TP/players/1/2026/324x324/250176530.jpg,outfield
Real Madrid,Vinícius Júnior,Vinícius,https://img.uefa.com/imgml/TP/players/1/2026/324x324/250121533.jpg,outfield
Real Madrid,Kylian Mbappé,Mbappé,https://img.uefa.com/imgml/TP/players/1/2026/324x324/250076574.jpg,outfield
Real Madrid,Rodrygo,Rodrygo,https://img.uefa.com/imgml/TP/players/1/2026/324x324/250132829.jpg,outfield
Real Madrid,Gonzalo,Gonzalo,https://img.uefa.com/imgml/TP/players/1/2026/324x324/250164226.jpg,outfield
Real Madrid,Brahim Díaz,Brahim,https://img.uefa.com/imgml/TP/players/1/2026/324x324/250088039.jpg,outfield
Real Madrid,Franco Mastantuono,Mastantuono,https://img.uefa.com/imgml/TP/players/1/2026/324x324/250210290.jpg,outfield
Real Madrid,Daniel Yañez,Yañez,https://img.uefa.com/imgml/TP/players/1/2026/324x324/250189858.jpg,outfield
Netherlands,Kjell Scherpen,Scherpen,https://img.uefa.com/imgml/TP/players/17/2026/324x324/250123304.jpg,goalkeeper
Netherlands,Bart Verbruggen,Verbruggen,https://img.uefa.com/imgml/TP/players/17/2026/324x324/250160574.jpg,goalkeeper
Netherlands,Robin Roefs,Roefs,https://img.uefa.com/imgml/TP/players/17/2026/324x324/250128450.jpg,goalkeeper
Netherlands,Nick Olij,Olij,https://img.uefa.com/imgml/TP/players/17/2026/324x324/250046909.jpg,goalkeeper
Netherlands,Mark Flekken,Flekken,https://img.uefa.com/imgml/TP/players/17/2026/324x324/250167143.jpg,goalkeeper
Netherlands,Lutsharel Geertruida,Geertruida,https://img.uefa.com/imgml/TP/players/17/2026/324x324/250104075.jpg,outfield
Netherlands,Jurriën Timber,J. Timber,https://img.uefa.com/imgml/TP/players/17/2026/324x324/250101728.jpg,outfield
Netherlands,Virgil van Dijk,van Dijk,https://img.uefa.com/imgml/TP/players/17/2026/324x324/50327420.jpg,outfield
Netherlands,Nathan Aké,Aké,https://img.uefa.com/imgml/TP/players/17/2026/324x324/250027008.jpg,outfield
Netherlands,Stefan de Vrij,de Vrij,https://img.uefa.com/imgml/TP/players/17/2026/324x324/50327428.jpg,outfield
Netherlands,Matthijs de Ligt,de Ligt,https://img.uefa.com/imgml/TP/players/17/2026/324x324/50327424.jpg,outfield
Netherlands,Jeremie Frimpong,Frimpong,https://img.uefa.com/imgml/TP/players/17/2026/324x324/250113276.jpg,outfield
Netherlands,Jan Paul van Hecke,van Hecke,https://img.uefa.com/imgml/TP/players/17/2026/324x324/250171264.jpg,outfield
Netherlands,Micky van de Ven,van de Ven,https://img.uefa.com/imgml/TP/players/17/2026/324x324/50327427.jpg,outfield
Netherlands,Jorrel Hato,Hato,https://img.uefa.com/imgml/TP/players/17/2026/324x324/250164725.jpg,outfield
Netherlands,Quilindschy Hartman,Hartman,https://img.uefa.com/imgml/TP/players/17/2026/324x324/250147956.jpg,outfield
Netherlands,Denzel Dumfries,Dumfries,https://img.uefa.com/imgml/TP/players/17/2026/324x324/250112690.jpg,outfield
Netherlands,Xavi Simons,Simons,https://img.uefa.com/imgml/TP/players/17/2026/324x324/250128451.jpg,outfield
Netherlands,Ryan Gravenberch,Gravenberch,https://img.uefa.com/imgml/TP/players/17/2026/324x324/250113001.jpg,outfield
Netherlands,Quinten Timber,Q. Timber,https://img.uefa.com/imgml/TP/players/17/2026/324x324/250101727.jpg,outfield
Netherlands,Tijjani Reijnders,Reijnders,https://img.uefa.com/imgml/TP/players/17/2026/324x324/250121294.jpg,outfield
Netherlands,Jerdy Schouten,Schouten,https://img.uefa.com/imgml/TP/players/17/2026/324x324/250172787.jpg,outfield
Netherlands,Sem Steijn,Steijn,https://img.uefa.com/imgml/TP/players/17/2026/324x324/250174850.jpg,outfield
Netherlands,Mats Wieffer,Wieffer,https://img.uefa.com/imgml/TP/players/17/2026/324x324/250177878.jpg,outfield
Netherlands,Teun Koopmeiners,Koopmeiners,https://img.uefa.com/imgml/TP/players/17/2026/324x324/250081553.jpg,outfield
Netherlands,Frenkie de Jong,de Jong,https://img.uefa.com/imgml/TP/players/17/2026/324x324/50327423.jpg,outfield
Netherlands,Luciano Valente,Valente,https://img.uefa.com/imgml/TP/players/17/2026/324x324/250208803.jpg,outfield
Netherlands,Emmanuel Emegha,Emegha,https://img.uefa.com/imgml/TP/players/17/2026/324x324/250167011.jpg,outfield
Netherlands,Wout Weghorst,Weghorst,https://img.uefa.com/imgml/TP/players/17/2026/324x324/250078682.jpg,outfield
Netherlands,Memphis Depay,Depay,https://img.uefa.com/imgml/TP/players/17/2026/324x324/250024860.jpg,outfield
Netherlands,Cody Gakpo,Gakpo,https://img.uefa.com/imgml/TP/players/17/2026/324x324/250096849.jpg,outfield
Netherlands,Noa Lang,Lang,https://img.uefa.com/imgml/TP/players/17/2026/324x324/250091165.jpg,outfield
Netherlands,Donyell Malen,Malen,https://img.uefa.com/imgml/TP/players/17/2026/324x324/250081555.jpg,outfield
Netherlands,Justin Kluivert,Kluivert,https://img.uefa.com/imgml/TP/players/17/2026/324x324/250087443.jpg,outfield
Netherlands,Brobbey,Brobbey,,outfield
Barca Femeni,Gemma Font,Gemma,https://img.uefa.com/imgml/TP/players/28/2026/324x324/250114726.jpg,goalkeeper
Barca Femeni,Cata Coll,Coll,https://img.uefa.com/imgml/TP/players/28/2026/324x324/250097201.jpg,goalkeeper
Barca Femeni,Txell Font,Txell Font,https://img.uefa.com/imgml/TP/players/28/2026/324x324/250155398.jpg,goalkeeper
Barca Femeni,Irene Paredes,Paredes,https://img.uefa.com/imgml/TP/players/28/2026/324x324/250007458.jpg,outfield
Barca Femeni,Mapi León,Mapi León,https://img.uefa.com/imgml/TP/players/28/2026/324x324/250041350.jpg,outfield
Barca Femeni,Laia Aleixandri,Aleixandri,https://img.uefa.com/imgml/TP/players/28/2026/324x324/250081851.jpg,outfield
Barca Femeni,Marta Torrejón,Torrejón,https://img.uefa.com/imgml/TP/players/28/2026/324x324/105680.jpg,outfield
Barca Femeni,Ona Batlle,Batlle,https://img.uefa.com/imgml/TP/players/28/2026/324x324/250081852.jpg,outfield
Barca Femeni,Aïcha Camara,Camara,https://img.uefa.com/imgml/TP/players/28/2026/324x324/250178960.jpg,outfield
Barca Femeni,Iara Lobo,Lobo,https://img.uefa.com/imgml/TP/players/28/2026/324x324/250183168.jpg,outfield
Barca Femeni,Lúa Arufe,Arufe,https://img.uefa.com/imgml/TP/players/28/2026/324x324/250185747.jpg,outfield
Barca Femeni,María Barrera,Barrera,https://img.uefa.com/imgml/TP/players/28/2026/324x324/250207210.jpg,outfield
Barca Femeni,Adriana Ranera,Ranera,https://img.uefa.com/imgml/TP/players/28/2026/324x324/250165698.jpg,outfield
Barca Femeni,Martina González,Martina,https://img.uefa.com/imgml/TP/players/28/2026/324x324/250183095.jpg,outfield
Barca Femeni,Alexia Putellas,Putellas,https://img.uefa.com/imgml/TP/players/28/2026/324x324/250014179.jpg,outfield
Barca Femeni,Patri Guijarro,Patri,https://img.uefa.com/imgml/TP/players/28/2026/324x324/250058203.jpg,outfield
Barca Femeni,Aitana Bonmatí,Bonmatí,https://img.uefa.com/imgml/TP/players/28/2026/324x324/250065581.jpg,outfield
Barca Femeni,Clara Serrajordi,Serrajordi,https://img.uefa.com/imgml/TP/players/28/2026/324x324/250192360.jpg,outfield
Barca Femeni,Vicky López,Vicky,https://img.uefa.com/imgml/TP/players/28/2026/324x324/250165703.jpg,outfield
Barca Femeni,Rosalía Domínguez,Domínguez,https://img.uefa.com/imgml/TP/players/28/2026/324x324/250185749.jpg,outfield
Barca Femeni,Noah Bezis,Bezis,https://img.uefa.com/imgml/TP/players/28/2026/324x324/250166446.jpg,outfield
Barca Femeni,Martine Fenger,Fenger,https://img.uefa.com/imgml/TP/players/28/2026/324x324/250180335.jpg,outfield
Barca Femeni,Ainoa Gómez,Gómez,https://img.uefa.com/imgml/TP/players/28/2026/324x324/250183096.jpg,outfield
Barca Femeni,Carla Juliá,Juliá,https://img.uefa.com/imgml/TP/players/28/2026/324x324/250214836.jpg,outfield
Barca Femeni,Sydney Schertenleib,Sydney,https://img.uefa.com/imgml/TP/players/28/2026/324x324/250179162.jpg,outfield
Barca Femeni,Salma Paralluelo,Paralluelo,https://img.uefa.com/imgml/TP/players/28/2026/324x324/250117796.jpg,outfield
Barca Femeni,Clàudia Pina,Pina,https://img.uefa.com/imgml/TP/players/28/2026/324x324/250101503.jpg,outfield
Barca Femeni,Caroline Graham Hansen,Hansen,https://img.uefa.com/imgml/TP/players/28/2026/324x324/250017153.jpg,outfield
Barca Femeni,Ewa Pajor,Pajor,https://img.uefa.com/imgml/TP/players/28/2026/324x324/250027429.jpg,outfield
Barca Femeni,Kika Nazareth,Nazareth,https://img.uefa.com/imgml/TP/players/28/2026/324x324/250125142.jpg,outfield
Barca Femeni,Esmee Brugts,Brugts,https://img.uefa.com/imgml/TP/players/28/2026/324x324/250126826.jpg,outfield
Barca Femeni,Celia Segura,Segura,https://img.uefa.com/imgml/TP/players/28/2026/324x324/250178959.jpg,outfield
Barca Femeni,Laia Martret,Martret,https://img.uefa.com/imgml/TP/players/28/2026/324x324/250165702.jpg,outfield
Barca Femeni,Natalia Escot,Escot,https://img.uefa.com/imgml/TP/players/28/2026/324x324/250185752.jpg,outfield
Italy,Gianluigi Donnarumma,Donnarumma,https://img.uefa.com/imgml/TP/players/17/2026/324x324/250078922.jpg,goalkeeper
Italy,Alex Meret,Meret,https://img.uefa.com/imgml/TP/players/17/2026/324x324/250066753.jpg,goalkeeper
Italy,Marco Carnesecchi,Carnesecchi,https://img.uefa.com/imgml/TP/players/17/2026/324x324/250105612.jpg,goalkeeper
Italy,Guglielmo Vicario,Vicario,https://img.uefa.com/imgml/TP/players/17/2026/324x324/250178594.jpg,goalkeeper
Italy,Davide Zappacosta,Zappacosta,https://img.uefa.com/imgml/TP/players/17/2026/324x324/250064232.jpg,outfield
Italy,Raoul Bellanova,Bellanova,https://img.uefa.com/imgml/TP/players/17/2026/324x324/250091828.jpg,outfield
Italy,Federico Dimarco,Dimarco,https://img.uefa.com/imgml/TP/players/17/2026/324x324/250056189.jpg,outfield
Italy,Alessandro Buongiorno,Buongiorno,https://img.uefa.com/imgml/TP/players/17/2026/324x324/250088491.jpg,outfield
Italy,Leonardo Spinazzola,Spinazzola,https://img.uefa.com/imgml/TP/players/17/2026/324x324/250020885.jpg,outfield
Italy,Federico Gatti,Gatti,https://img.uefa.com/imgml/TP/players/17/2026/324x324/250172907.jpg,outfield
Italy,Destiny Udogie,Udogie,https://img.uefa.com/imgml/TP/players/17/2026/324x324/250128956.jpg,outfield
Italy,Matteo Gabbia,Gabbia,https://img.uefa.com/imgml/TP/players/17/2026/324x324/250091198.jpg,outfield
Italy,Riccardo Calafiori,Calafiori,https://img.uefa.com/imgml/TP/players/17/2026/324x324/250113392.jpg,outfield
Italy,Daniele Rugani,Rugani,https://img.uefa.com/imgml/TP/players/17/2026/324x324/250024963.jpg,outfield
Italy,Luca Ranieri,Ranieri,https://img.uefa.com/imgml/TP/players/17/2026/324x324/250135208.jpg,outfield
Italy,Andrea Cambiaso,Cambiaso,https://img.uefa.com/imgml/TP/players/17/2026/324x324/250163623.jpg,outfield
Italy,Diego Coppola,Coppola,https://img.uefa.com/imgml/TP/players/17/2026/324x324/250166173.jpg,outfield
Italy,Alessandro Bastoni,Bastoni,https://img.uefa.com/imgml/TP/players/17/2026/324x324/250091199.jpg,outfield
Italy,Giovanni Di Lorenzo,Di Lorenzo,https://img.uefa.com/imgml/TP/players/17/2026/324x324/250064229.jpg,outfield
Italy,Gianluca Mancini,Mancini,https://img.uefa.com/imgml/TP/players/17/2026/324x324/250075982.jpg,outfield
Italy,Manuel Locatelli,Locatelli,https://img.uefa.com/imgml/TP/players/17/2026/324x324/250066747.jpg,outfield
Italy,Samuele Ricci,Ricci,https://img.uefa.com/imgml/TP/players/17/2026/324x324/250117839.jpg,outfield
Italy,Nicolò Rovella,Rovella,https://img.uefa.com/imgml/TP/players/17/2026/324x324/250118783.jpg,outfield
Italy,Davide Frattesi,Frattesi,https://img.uefa.com/imgml/TP/players/17/2026/324x324/250088150.jpg,outfield
Italy,Sandro Tonali,Tonali,https://img.uefa.com/imgml/TP/players/17/2026/324x324/250117809.jpg,outfield
Italy,Cesare Casadei,Casadei,https://img.uefa.com/imgml/TP/players/17/2026/324x324/250139156.jpg,outfield
Italy,Bryan Cristante,Cristante,https://img.uefa.com/imgml/TP/players/17/2026/324x324/250041741.jpg,outfield
Italy,Riccardo Orsolini,Orsolini,https://img.uefa.com/imgml/TP/players/17/2026/324x324/250112400.jpg,outfield
Italy,Nicolò Barella,Barella,https://img.uefa.com/imgml/TP/players/17/2026/324x324/250066739.jpg,outfield
Italy,Nicolò Cambiaghi,Cambiaghi,https://img.uefa.com/imgml/TP/players/17/2026/324x324/250135467.jpg,outfield
Italy,Matteo Politano,Politano,https://img.uefa.com/imgml/TP/players/17/2026/324x324/250050381.jpg,outfield
Italy,Mateo Retegui,Retegui,https://img.uefa.com/imgml/TP/players/17/2026/324x324/250183519.jpg,outfield
Italy,Giacomo Raspadori,Raspadori,https://img.uefa.com/imgml/TP/players/17/2026/324x324/250105617.jpg,outfield
Italy,Roberto Piccoli,Piccoli,https://img.uefa.com/imgml/TP/players/17/2026/324x324/250107691.jpg,outfield
Italy,Gianluca Scamacca,Scamacca,https://img.uefa.com/imgml/TP/players/17/2026/324x324/250076743.jpg,outfield
Italy,Moise Kean,Kean,https://img.uefa.com/imgml/TP/players/17/2026/324x324/250087919.jpg,outfield
Italy,Pio Esposito,Esposito,https://img.uefa.com/imgml/TP/players/17/2026/324x324/250163404.jpg,outfield
Italy,Lorenzo Lucca,Lucca,https://img.uefa.com/imgml/TP/players/17/2026/324x324/250164476.jpg,outfield
Italy,Mattia Zaccagni,Zaccagni,https://img.uefa.com/imgml/TP/players/17/2026/324x324/250150875.jpg,outfield
Italy,Daniel Maldini,Maldini,https://img.uefa.com/imgml/TP/players/17/2026/324x324/250144618.jpg,outfield
France,Brice Samba,Samba,https://img.uefa.com/imgml/TP/players/17/2026/324x324/250059123.jpg,goalkeeper
France,Mike Maignan,Maignan,https://img.uefa.com/imgml/TP/players/17/2026/324x324/250042780.jpg,goalkeeper
France,Lucas Chevalier,Chevalier,https://img.uefa.com/imgml/TP/players/17/2026/324x324/250135068.jpg,goalkeeper
France,Malo Gusto,Gusto,https://img.uefa.com/imgml/TP/players/17/2026/324x324/250134145.jpg,outfield
France,Lucas Digne,Digne,https://img.uefa.com/imgml/TP/players/17/2026/324x324/250014002.jpg,outfield
France,Dayot Upamecano,Upamecano,https://img.uefa.com/imgml/TP/players/17/2026/324x324/250079545.jpg,outfield
France,Jules Koundé,Koundé,https://img.uefa.com/imgml/TP/players/17/2026/324x324/250096309.jpg,outfield
France,Benjamin Pavard,Pavard,https://img.uefa.com/imgml/TP/players/17/2026/324x324/250081921.jpg,outfield
France,Ibrahima Konaté,Konaté,https://img.uefa.com/imgml/TP/players/17/2026/324x324/250091013.jpg,outfield
France,William Saliba,Saliba,https://img.uefa.com/imgml/TP/players/17/2026/324x324/250127439.jpg,outfield
France,Lucas Hernández,L. Hernández,https://img.uefa.com/imgml/TP/players/17/2026/324x324/250063803.jpg,outfield
France,Theo Hernández,T. Hernández,https://img.uefa.com/imgml/TP/players/17/2026/324x324/250076126.jpg,outfield
France,Khephren Thuram,K. Thuram,https://img.uefa.com/imgml/TP/players/17/2026/324x324/250106722.jpg,outfield
France,Eduardo Camavinga,Camavinga,https://img.uefa.com/imgml/TP/players/17/2026/324x324/250128270.jpg,outfield
France,Manu Koné,Koné,https://img.uefa.com/imgml/TP/players/17/2026/324x324/250132062.jpg,outfield
France,Aurélien Tchouaméni,Tchouaméni,https://img.uefa.com/imgml/TP/players/17/2026/324x324/250105244.jpg,outfield
France,Michael Olise,Olise,https://img.uefa.com/imgml/TP/players/17/2026/324x324/250171184.jpg,outfield
France,Désiré Doué,Doué,https://img.uefa.com/imgml/TP/players/17/2026/324x324/250162177.jpg,outfield
France,N'Golo Kanté,Kanté,https://img.uefa.com/imgml/TP/players/17/2026/324x324/250097248.jpg,outfield
France,Adrien Rabiot,Rabiot,https://img.uefa.com/imgml/TP/players/17/2026/324x324/250053905.jpg,outfield
France,Rayan Cherki,Cherki,https://img.uefa.com/imgml/TP/players/17/2026/324x324/250124063.jpg,outfield
France,Warren Zaïre-Emery,Zaïre-Emery,https://img.uefa.com/imgml/TP/players/17/2026/324x324/250153849.jpg,outfield
France,Ousmane Dembélé,Dembélé,https://img.uefa.com/imgml/TP/players/17/2026/324x324/250066886.jpg,outfield
France,Christopher Nkunku,Nkunku,https://img.uefa.com/imgml/TP/players/17/2026/324x324/250076654.jpg,outfield
France,Kingsley Coman,Coman,https://img.uefa.com/imgml/TP/players/17/2026/324x324/250054949.jpg,outfield
France,Florian Thauvin,Thauvin,https://img.uefa.com/imgml/TP/players/17/2026/324x324/250050319.jpg,outfield
France,Hugo Ekitiké,Ekitiké,https://img.uefa.com/imgml/TP/players/17/2026/324x324/250144643.jpg,outfield
France,Marcus Thuram,M. Thuram,https://img.uefa.com/imgml/TP/players/17/2026/324x324/250068805.jpg,outfield
France,Kylian Mbappé,Mbappé,https://img.uefa.com/imgml/TP/players/17/2026/324x324/250076574.jpg,outfield
France,Maghnes Akliouche,Akliouche,https://img.uefa.com/imgml/TP/players/17/2026/324x324/250160436.jpg,outfield
France,Jean-Philippe Mateta,Mateta,https://img.uefa.com/imgml/TP/players/17/2026/324x324/250106635.jpg,outfield
France,Bradley Barcola,Barcola,https://img.uefa.com/imgml/TP/players/17/2026/324x324/250134138.jpg,outfield
Brazil,Alisson,Alisson,,goalkeeper
Brazil,Bento,Bento,,goalkeeper
Brazil,Ederson,Ederson,,goalkeeper
Brazil,Bremer,Bremer,,outfield
Brazil,Danilo,Danilo,,outfield
Brazil,Wesley Franca,Franca,,outfield
Brazil,Roger Ibanez,Ibanez,,outfield
Brazil,Gabriel Magalhaes,Gabriel,,outfield
Brazil,Marquinhos,Marquinhos,,outfield
Brazil,Leo Pereira,Leo Pereira,,outfield
Brazil,Alex Sandro,Alex Sandro,,outfield
Brazil,Douglas Santos,Douglas,,outfield
Brazil,Casemiro,Casemiro,,outfield
Brazil,Fabinho,Fabinho,,outfield
Brazil,Gabriel Sara,Sara,,outfield
Brazil,Andrey Santos,Andrey,,outfield
Brazil,Matheus Cunha,Cunha,,outfield
Brazil,Endrick,Endrick,,outfield
Brazil,Joao Pedro,Joao Pedro,,outfield
Brazil,Vinicius Junior,Vinicius,,outfield
Brazil,Luiz Henrique,LuizHenrique,,outfield
Brazil,Gabriel Martinelli,Martinelli,,outfield
Brazil,Raphinha,Raphinha,,outfield
Brazil,Rayan,Rayan,,outfield
Brazil,Richarlison,Richarlison,,outfield
Brazil,Igor Thiago,Igor Thiago,,outfield
Hungary,Ármin Pécsi,Pécsi,https://img.uefa.com/imgml/TP/players/17/2026/324x324/250168556.jpg,goalkeeper
Hungary,Dénes Dibusz,Dibusz,https://img.uefa.com/imgml/TP/players/17/2026/324x324/250040465.jpg,goalkeeper
Hungary,Patrik Demjén,Demjén,https://img.uefa.com/imgml/TP/players/17/2026/324x324/250065166.jpg,goalkeeper
Hungary,Balázs Tóth,Balázs Tóth,https://img.uefa.com/imgml/TP/players/17/2026/324x324/250087779.jpg,goalkeeper
Hungary,Péter Szappanos,Szappanos,https://img.uefa.com/imgml/TP/players/17/2026/324x324/250021965.jpg,goalkeeper
Hungary,Attila Osváth,Osváth,https://img.uefa.com/imgml/TP/players/17/2026/324x324/250087296.jpg,outfield
Hungary,Attila Mocsi,Mocsi,https://img.uefa.com/imgml/TP/players/17/2026/324x324/250107349.jpg,outfield
Hungary,Botond Balogh,Balogh,https://img.uefa.com/imgml/TP/players/17/2026/324x324/250118984.jpg,outfield
Hungary,Attila Szalai,Szalai,https://img.uefa.com/imgml/TP/players/17/2026/324x324/250079300.jpg,outfield
Hungary,Gábor Szalai,G. Szalai,https://img.uefa.com/imgml/TP/players/17/2026/324x324/250185815.jpg,outfield
Hungary,Willi Orbán,Orbán,https://img.uefa.com/imgml/TP/players/17/2026/324x324/250051754.jpg,outfield
Hungary,Loïc Négo,Négo,https://img.uefa.com/imgml/TP/players/17/2026/324x324/1908198.jpg,outfield
Hungary,Milos Kerkez,Kerkez,https://img.uefa.com/imgml/TP/players/17/2026/324x324/250163153.jpg,outfield
Hungary,Bendegúz Bolla,Bolla,https://img.uefa.com/imgml/TP/players/17/2026/324x324/250110986.jpg,outfield
Hungary,Márton Dárdai,M. Dárdai,https://img.uefa.com/imgml/TP/players/17/2026/324x324/250123798.jpg,outfield
Hungary,Ádám Nagy,Á. Nagy,https://img.uefa.com/imgml/TP/players/17/2026/324x324/250083472.jpg,outfield
Hungary,Dániel Gazdag,Gazdag,https://img.uefa.com/imgml/TP/players/17/2026/324x324/250056177.jpg,outfield
Hungary,Tamás Nikitscher,Nikitscher,https://img.uefa.com/imgml/TP/players/17/2026/324x324/250131992.jpg,outfield
Hungary,Áron Csongvai,Csongvai,https://img.uefa.com/imgml/TP/players/17/2026/324x324/250155120.jpg,outfield
Hungary,Bence Ötvös,Ötvös,https://img.uefa.com/imgml/TP/players/17/2026/324x324/250174408.jpg,outfield
Hungary,Milán Vitális,Vitális,https://img.uefa.com/imgml/TP/players/17/2026/324x324/250126069.jpg,outfield
Hungary,Dominik Szoboszlai,Szoboszlai,https://img.uefa.com/imgml/TP/players/17/2026/324x324/250104066.jpg,outfield
Hungary,András Schäfer,Schäfer,https://img.uefa.com/imgml/TP/players/17/2026/324x324/250115077.jpg,outfield
Hungary,Callum Styles,Styles,https://img.uefa.com/imgml/TP/players/17/2026/324x324/250171195.jpg,outfield
Hungary,Zsolt Nagy,Z. Nagy,https://img.uefa.com/imgml/TP/players/17/2026/324x324/250138421.jpg,outfield
Hungary,Bence Dardai,B. Dardai,https://img.uefa.com/imgml/TP/players/17/2026/324x324/250180785.jpg,outfield
Hungary,Alex Tóth,A. Tóth,https://img.uefa.com/imgml/TP/players/17/2026/324x324/250183034.jpg,outfield
Hungary,Zsombor Gruber,Gruber,https://img.uefa.com/imgml/TP/players/17/2026/324x324/250156919.jpg,outfield
Hungary,Rajmund Molnár,Molnár,https://img.uefa.com/imgml/TP/players/17/2026/324x324/250118996.jpg,outfield
Hungary,Barna Tóth,Barna Tóth,https://img.uefa.com/imgml/TP/players/17/2026/324x324/250187264.jpg,outfield
Hungary,Dániel Lukács,Lukács,https://img.uefa.com/imgml/TP/players/17/2026/324x324/250120385.jpg,outfield
Hungary,Barnabás Varga,Varga,https://img.uefa.com/imgml/TP/players/17/2026/324x324/250183450.jpg,outfield
Hungary,Roland Sallai,Sallai,https://img.uefa.com/imgml/TP/players/17/2026/324x324/250065179.jpg,outfield
Hungary,Damir Redzic,Redzic,https://img.uefa.com/imgml/TP/players/17/2026/324x324/250141424.jpg,outfield
Spain,David Raya,Raya,https://img.uefa.com/imgml/TP/players/17/2026/324x324/250171278.jpg,goalkeeper
Spain,Álex Remiro,Remiro,https://img.uefa.com/imgml/TP/players/17/2026/324x324/250066244.jpg,goalkeeper
Spain,Unai Simón,Simón,https://img.uefa.com/imgml/TP/players/17/2026/324x324/250076116.jpg,goalkeeper
Spain,Dani Carvajal,Carvajal,https://img.uefa.com/imgml/TP/players/17/2026/324x324/250024448.jpg,outfield
Spain,Robin Le Normand,Le Normand,https://img.uefa.com/imgml/TP/players/17/2026/324x324/250112513.jpg,outfield
Spain,Alejandro Grimaldo,Grimaldo,https://img.uefa.com/imgml/TP/players/17/2026/324x324/250042422.jpg,outfield
Spain,Daniel Vivian,Vivian,https://img.uefa.com/imgml/TP/players/17/2026/324x324/250194503.jpg,outfield
Spain,Dean Huijsen,Huijsen,https://img.uefa.com/imgml/TP/players/17/2026/324x324/250194474.jpg,outfield
Spain,Pedro Porro,Porro,https://img.uefa.com/imgml/TP/players/17/2026/324x324/150562676.jpg,outfield
Spain,Aymeric Laporte,Laporte,https://img.uefa.com/imgml/TP/players/17/2026/324x324/250027046.jpg,outfield
Spain,Pau Cubarsí,Cubarsí,https://img.uefa.com/imgml/TP/players/17/2026/324x324/250176453.jpg,outfield
Spain,Marc Cucurella,Cucurella,https://img.uefa.com/imgml/TP/players/17/2026/324x324/250076168.jpg,outfield
Spain,Pablo Barrios,Barrios,https://img.uefa.com/imgml/TP/players/17/2026/324x324/250139036.jpg,outfield
Spain,Marcos Llorente,Llorente,https://img.uefa.com/imgml/TP/players/17/2026/324x324/250079670.jpg,outfield
Spain,Mikel Merino,Merino,https://img.uefa.com/imgml/TP/players/17/2026/324x324/250080572.jpg,outfield
Spain,Fabián Ruiz,Fabián,https://img.uefa.com/imgml/TP/players/17/2026/324x324/250115436.jpg,outfield
Spain,Rodri,Rodri,https://img.uefa.com/imgml/TP/players/17/2026/324x324/250082664.jpg,outfield
Spain,Álex Baena,Baena,https://img.uefa.com/imgml/TP/players/17/2026/324x324/250106963.jpg,outfield
Spain,Pablo Fornals,Fornals,https://img.uefa.com/imgml/TP/players/17/2026/324x324/250092715.jpg,outfield
Spain,Nico Williams,Williams,https://img.uefa.com/imgml/TP/players/17/2026/324x324/250163185.jpg,outfield
Spain,Martin Zubimendi,Zubimendi,https://img.uefa.com/imgml/TP/players/17/2026/324x324/250143679.jpg,outfield
Spain,Aleix García,Aleix García,https://img.uefa.com/imgml/TP/players/17/2026/324x324/250065301.jpg,outfield
Spain,Pedri,Pedri,https://img.uefa.com/imgml/TP/players/17/2026/324x324/250143693.jpg,outfield
Spain,Mikel Oyarzabal,Oyarzabal,https://img.uefa.com/imgml/TP/players/17/2026/324x324/250097180.jpg,outfield
Spain,Jorge De Frutos,De Frutos,https://img.uefa.com/imgml/TP/players/17/2026/324x324/250211228.jpg,outfield
Spain,Samu,Samu,https://img.uefa.com/imgml/TP/players/17/2026/324x324/250186228.jpg,outfield
Spain,Álvaro Morata,Morata,https://img.uefa.com/imgml/TP/players/17/2026/324x324/250024456.jpg,outfield
Spain,Ferran Torres,Ferran,https://img.uefa.com/imgml/TP/players/17/2026/324x324/250088320.jpg,outfield
Spain,Borja Iglesias,Iglesias,https://img.uefa.com/imgml/TP/players/17/2026/324x324/250132180.jpg,outfield
Spain,Dani Olmo,Olmo,https://img.uefa.com/imgml/TP/players/17/2026/324x324/250081720.jpg,outfield
Spain,Yeremy Pino,Pino,https://img.uefa.com/imgml/TP/players/17/2026/324x324/250126916.jpg,outfield
Spain,Jesus Rodríguez,Jesus,https://img.uefa.com/imgml/TP/players/17/2026/324x324/250197195.jpg,outfield
Spain,Lamine Yamal,Yamal,https://img.uefa.com/imgml/TP/players/17/2026/324x324/250176450.jpg,outfield
Spain,Fermín López,Fermin,https://img.uefa.com/imgml/TP/players/17/2026/324x324/250164780.jpg,outfield
Spain,Mosquera,Mosquera, ,outfield
Spain,Soler,Soler, ,outfield
Spain,Barrenetxea,Barrenetxea, ,outfield

